报告期,净利润,净利润同比增长率,扣非净利润,扣非净利润同比增长率,营业总收入,营业总收入同比增长率,基本每股收益,每股净资产,每股资本公积金,每股未分配利润,每股经营现金流,销售净利率,销售毛利率,净资产收益率,净资产收益率-摊薄,营业周期,存货周转率,存货周转天数,应收账款周转天数,流动比率,速动比率,保守速动比率,产权比率,资产负债率
1990-12-31,200.09万,False,False,False,1.62亿,False,False,False,False,False,False,1.24%,False,False,False,False,False,False,False,False,False,False,False,False
1991-12-31,631.60万,215.66%,False,False,2.10亿,29.76%,False,False,False,False,False,3.01%,False,False,False,False,False,False,False,False,False,False,False,False
1992-12-31,762.86万,20.78%,False,False,3.15亿,50.34%,False,1.01,False,False,False,2.42%,False,False,8.43%,3.67,False,False,3.67,1.71,0.82,0.63,0.43,30.13%
1993-12-31,2831.24万,271.14%,False,False,4.72亿,49.50%,0.3100,1.97,0.75,0.19,False,6.01%,17.63%,False,11.90%,82.21,4.95,72.76,9.45,1.91,1.10,0.44,0.68,40.39%
1994-06-30,1337.78万,False,False,False,2.01亿,False,False,1.91,False,False,False,6.68%,False,False,5.85%,False,False,False,False,2.14,2.14,0.0000,0.46,31.39%
1994-12-31,2977.98万,5.18%,False,False,4.01亿,-14.88%,False,2.04,0.74,0.20,False,7.42%,17.87%,False,12.15%,129.02,3.11,115.92,13.10,1.63,0.95,0.46,0.55,35.32%
1995-06-30,706.00万,-47.23%,False,False,1.98亿,-1.55%,False,1.90,False,False,False,3.57%,False,False,2.98%,False,False,False,False,1.31,1.31,0.0000,0.90,47.34%
1995-12-31,1791.87万,-39.83%,False,False,4.33亿,7.81%,False,1.96,0.85,False,False,4.13%,17.75%,False,6.80%,105.52,3.74,96.34,9.18,1.23,0.76,0.39,0.86,45.90%
1996-06-30,554.89万,-21.40%,False,False,2.46亿,24.43%,False,2.00,0.85,0.03,False,2.26%,False,False,2.06%,False,False,False,False,0.93,0.93,0.0000,1.18,53.89%
1996-12-31,1225.96万,-31.58%,False,False,4.99亿,15.37%,False,1.98,0.84,False,False,2.38%,16.53%,False,4.62%,121.41,3.55,101.49,19.92,0.86,0.58,0.26,2.19,68.45%
1997-06-30,504.02万,-9.17%,False,False,4.00亿,62.75%,False,2.10,0.84,0.10,False,1.26%,False,False,1.78%,False,False,False,False,0.85,0.85,0.0000,2.43,70.70%
1997-12-31,1100.42万,-10.24%,False,False,6.64亿,33.03%,0.0820,2.15,0.84,0.14,False,1.62%,16.22%,False,3.81%,129.44,3.27,110.24,19.20,0.83,0.47,0.21,2.85,73.88%
1998-06-30,59.09万,-88.28%,False,False,3.80亿,-5.15%,False,2.15,0.84,0.14,False,0.12%,12.30%,False,0.20%,128.73,1.56,115.07,13.66,0.75,0.41,0.12,2.89,74.15%
1998-12-31,-4697.44万,-526.88%,False,False,7.58亿,14.19%,False,2.14,0.86,0.09,0.05,1.29%,14.85%,False,0.31%,137.08,3.05,117.96,19.12,0.76,0.48,0.18,3.50,76.72%
1999-06-30,-1275.34万,-2258.45%,False,False,4.60亿,21.26%,False,2.04,0.86,-0.0082,False,-2.96%,12.60%,False,-4.64%,100.51,1.79,100.51,False,0.74,0.44,0.44,3.71,77.73%
1999-12-31,1181.29万,125.15%,123.71万,False,8.88亿,23.53%,False,1.77,0.87,-0.30,0.48,0.99%,17.14%,False,0.56%,102.65,3.51,102.65,False,0.67,0.38,0.38,4.24,79.38%
2000-06-30,-2097.25万,-64.45%,-2057.51万,False,3.96亿,-12.65%,False,1.62,0.87,-0.45,0.09,-5.25%,15.02%,False,-9.46%,112.13,1.61,112.13,False,0.65,0.40,0.40,4.55,80.43%
2000-12-31,-8014.37万,-778.44%,-7752.69万,-6366.83%,7.42亿,-15.36%,0.5760,1.32,0.89,-0.74,0.18,-10.43%,15.06%,-36.28%,-43.72%,113.60,3.17,113.60,False,0.57,0.34,0.32,5.22,83.87%
2001-06-30,-1856.99万,11.46%,-1857.38万,9.73%,3.15亿,-18.36%,-0.1382,1.18,0.89,-0.87,0.05,-5.78%,14.53%,-11.07%,-11.72%,120.18,1.62,110.95,9.23,0.56,0.34,0.34,5.84,85.34%
2001-12-31,-1.46亿,-82.43%,-1.29亿,-65.98%,6.24亿,-15.98%,-1.0976,0.11,0.89,-1.95,-0.09,-24.26%,17.03%,-167.61%,-983.79%,120.72,3.16,113.78,6.94,0.39,0.20,0.20,62.41,98.27%
2002-03-31,-871.73万,False,False,False,1.61亿,False,False,0.04,False,False,False,-5.53%,13.79%,False,-175.94%,77.67,1.27,70.68,6.99,0.35,0.25,0.26,228.02,99.67%
2002-06-30,-1544.20万,16.84%,-2075.03万,-11.72%,2.92亿,-7.48%,False,-0.02,0.89,-2.08,0.07,-5.36%,14.17%,False,False,86.96,2.30,78.13,8.83,0.34,0.24,0.25,False,100.44%
2002-09-30,-2445.80万,False,-3071.47万,False,4.37亿,False,False,-0.09,0.89,-2.15,False,-5.64%,14.27%,False,False,89.42,3.41,79.07,10.35,0.34,0.25,0.27,False,101.45%
2002-12-31,-2.10亿,-43.97%,-1.34亿,-4.52%,5.68亿,-8.93%,-1.5662,-1.39,0.95,-3.50,0.45,-36.72%,13.89%,False,False,108.62,3.59,100.18,8.44,0.29,0.15,0.15,False,122.86%
2003-03-31,1018.76万,216.87%,False,False,1.71亿,6.37%,False,-0.94,1.32,-3.43,0.07,5.95%,14.69%,False,False,79.80,1.24,72.57,7.24,0.38,0.19,0.19,False,119.67%
2003-06-30,1920.16万,224.35%,1899.58万,191.54%,3.26亿,11.86%,0.1429,-0.89,1.30,-3.36,-0.29,5.89%,15.97%,False,False,75.23,2.68,67.26,7.97,0.40,0.26,0.27,False,117.97%
2003-09-30,2559.63万,204.65%,False,False,4.67亿,6.84%,False,-0.84,1.30,-3.31,-0.34,5.46%,16.26%,False,False,81.85,3.64,74.09,7.76,0.43,0.27,0.28,False,117.22%
2003-12-31,3757.60万,117.85%,151.78万,101.13%,6.79亿,19.54%,0.2796,-0.74,1.31,-3.22,-0.22,5.49%,15.32%,False,False,65.85,6.37,56.52,9.33,0.41,0.28,0.30,False,112.23%
2004-03-31,1032.79万,1.38%,463.68万,False,2.37亿,38.86%,False,-0.67,1.31,-3.15,0.43,4.69%,16.03%,False,False,34.22,3.38,26.64,7.58,0.47,0.36,0.38,False,109.81%
2004-06-30,1881.63万,-2.01%,747.12万,-60.67%,3.88亿,18.85%,0.1400,-0.60,1.31,-3.08,-0.11,5.17%,17.45%,False,False,42.24,5.47,32.91,9.33,0.56,0.46,0.48,False,107.68%
2004-09-30,2583.22万,0.92%,858.36万,False,5.37亿,14.88%,False,-0.55,1.31,-3.03,-0.26,5.01%,17.80%,False,False,47.77,7.23,37.35,10.43,0.62,0.52,0.53,False,107.28%
2004-12-31,4348.14万,15.72%,1518.88万,900.74%,8.33亿,22.71%,0.3235,-0.42,1.31,-2.90,0.60,5.33%,19.96%,False,False,55.33,8.75,41.12,14.21,0.63,0.47,0.52,False,99.64%
2005-03-31,1406.81万,36.21%,801.50万,72.86%,2.26亿,-4.81%,False,-0.32,1.31,-2.80,-0.34,5.64%,15.62%,False,False,83.51,1.36,65.95,17.56,0.66,0.37,0.43,False,97.85%
2005-06-30,2287.01万,21.54%,295.60万,-60.43%,4.29亿,10.75%,0.1702,-0.25,1.31,-2.73,-0.40,4.85%,17.75%,False,False,88.37,2.49,72.43,15.94,0.64,0.35,0.39,False,97.04%
2005-09-30,2869.85万,11.10%,266.91万,-68.91%,6.49亿,20.86%,False,-0.21,1.31,-2.69,-0.23,3.97%,18.36%,False,False,78.95,4.14,65.23,13.72,0.59,0.34,0.36,False,96.83%
2005-12-31,3527.17万,-18.88%,-1069.37万,-170.41%,8.41亿,0.98%,0.2624,-0.16,0.02,-1.26,-1.18,3.26%,18.92%,False,False,161.95,2.42,148.56,13.38,0.91,0.33,0.35,False,91.84%
2006-03-31,513.15万,-63.52%,419.78万,-47.63%,2.08亿,-7.92%,0.0382,-0.12,0.02,-1.22,-0.25,0.95%,18.86%,False,False,261.29,0.35,255.46,5.83,0.89,0.27,0.28,False,93.13%
2006-06-30,1039.85万,-54.53%,470.54万,59.18%,4.04亿,-5.81%,0.0774,-0.09,0.02,-1.18,0.18,1.16%,20.29%,False,False,267.61,0.70,258.44,9.17,0.98,0.36,0.38,False,92.96%
2006-09-30,976.12万,-65.99%,-84.07万,-131.50%,5.81亿,-10.45%,0.0726,-0.09,0.02,-1.19,0.13,-0.21%,20.12%,False,False,293.09,0.95,283.41,9.69,0.93,0.27,0.29,False,92.55%
2006-12-31,2347.91万,-33.43%,2583.66万,341.61%,11.99亿,42.58%,0.1747,0.09,0.0100,-1.00,0.41,3.81%,22.59%,False,292.27%,188.90,2.01,178.69,10.21,1.04,0.39,0.39,83.27,88.41%
2007-03-31,914.85万,78.28%,767.96万,82.94%,2.42亿,16.30%,0.0681,0.15,0.0100,-0.94,-0.15,3.14%,20.08%,False,46.77%,235.59,0.41,221.13,14.46,0.91,0.28,0.28,50.10,87.86%
2007-06-30,1239.92万,19.24%,1035.76万,120.12%,4.53亿,12.10%,0.0923,0.18,0.0100,-0.91,-0.56,2.99%,22.59%,68.54%,51.04%,267.57,0.71,252.49,15.09,0.93,0.30,0.30,48.67,90.42%
2007-09-30,1448.10万,48.35%,467.75万,656.38%,6.78亿,16.68%,0.1077,0.19,0.0100,-0.90,-0.35,2.55%,23.23%,False,54.95%,283.27,1.01,266.59,16.68,0.94,0.28,0.28,46.72,90.53%
2007-12-31,4.17亿,1675.94%,6563.59万,154.04%,11.44亿,-4.59%,3.1025,0.65,0.0100,-0.45,1.74,8.47%,28.75%,151.88%,86.32%,291.57,1.28,282.22,9.35,0.79,0.25,0.25,19.48,89.11%
2008-03-31,659.67万,-27.89%,556.72万,-27.51%,3.14亿,29.99%,0.0491,0.69,0.0100,-0.40,-0.44,3.14%,24.17%,False,6.18%,334.03,0.27,327.99,6.04,0.89,0.28,0.28,20.02,90.57%
2008-06-30,512.83万,-58.64%,643.84万,-37.84%,5.97亿,31.65%,0.0382,3.47,0.25,1.94,-1.18,2.99%,26.52%,1.11%,1.10%,385.83,0.47,379.99,5.84,0.91,0.21,0.21,4.25,77.50%
2008-09-30,-357.01万,-124.65%,-251.50万,-153.77%,8.32亿,22.80%,-0.0266,3.41,0.25,1.88,-0.87,0.81%,25.34%,0.0000%,-0.78%,419.75,0.65,413.41,6.34,0.89,0.17,0.17,4.41,78.13%
2008-12-31,3691.89万,-91.15%,461.22万,-92.97%,11.76亿,2.79%,0.2747,3.71,0.25,2.11,-1.71,2.11%,20.90%,7.73%,7.40%,358.72,1.01,356.86,1.86,0.81,0.12,0.12,3.80,76.44%
2009-03-31,956.04万,44.93%,949.13万,70.49%,2.90亿,-7.63%,0.0711,3.78,0.25,2.18,-0.21,3.06%,22.96%,0.0000%,1.88%,415.05,0.22,413.22,1.82,0.91,0.14,0.14,3.80,75.47%
2009-06-30,1165.39万,127.25%,1135.11万,76.30%,5.19亿,-13.08%,0.0867,4.06,0.51,2.20,0.31,1.65%,24.22%,2.23%,2.14%,369.21,0.49,366.82,2.38,0.81,0.24,0.24,2.97,73.69%
2009-09-30,1551.39万,534.55%,1471.65万,685.15%,8.25亿,-0.86%,0.1154,4.09,0.52,2.23,-0.80,1.51%,24.96%,0.0000%,2.82%,396.46,0.68,394.33,2.13,1.08,0.31,0.31,3.34,75.89%
2009-12-31,3936.16万,6.62%,1416.43万,207.10%,12.42亿,5.58%,0.2929,4.27,0.52,2.38,0.77,2.45%,23.22%,7.59%,6.86%,370.61,0.99,365.48,5.13,0.91,0.34,0.34,3.94,78.87%
2010-03-31,1162.26万,21.57%,1149.37万,21.10%,3.64亿,25.32%,0.0865,4.35,0.52,2.46,0.98,4.03%,23.94%,2.01%,1.99%,320.58,0.29,314.47,6.11,0.93,0.35,0.35,4.10,79.48%
2010-06-30,1427.95万,22.53%,1412.24万,24.41%,6.56亿,26.47%,0.1062,4.37,0.52,2.48,0.85,2.57%,25.68%,2.46%,2.43%,373.59,0.49,367.20,6.39,0.87,0.29,0.29,4.05,79.28%
2010-09-30,1470.49万,-5.21%,1474.38万,0.19%,9.83亿,19.18%,0.1094,4.27,0.41,2.49,2.20,1.50%,26.48%,2.54%,2.56%,389.65,0.70,383.03,6.62,0.83,0.27,0.27,4.42,80.73%
2010-12-31,4624.80万,17.50%,1129.59万,-20.25%,14.21亿,10.87%,0.2811,4.37,0.41,2.58,3.80,1.99%,26.81%,4.81%,4.84%,371.74,0.99,365.22,6.52,0.77,0.27,0.27,4.66,81.60%
2011-03-31,1224.27万,5.34%,872.76万,-24.07%,4.23亿,11.73%,0.0744,4.43,0.41,2.63,0.32,1.84%,25.15%,1.23%,1.22%,341.68,0.27,337.84,3.84,0.86,0.31,0.31,4.60,81.38%
2011-06-30,2174.00万,52.25%,1183.00万,-16.23%,7.65亿,12.41%,0.1321,4.47,0.42,2.66,-0.45,1.64%,27.61%,2.02%,2.00%,399.57,0.46,395.17,4.40,0.85,0.25,0.25,4.44,80.86%
2011-09-30,2737.83万,86.18%,704.21万,-52.24%,11.28亿,10.66%,0.1664,4.49,0.42,2.69,-0.34,1.93%,28.21%,2.57%,2.54%,411.94,0.66,407.98,3.96,0.86,0.26,0.26,4.44,80.64%
2011-12-31,8293.74万,79.33%,2659.32万,135.42%,15.56亿,9.53%,0.5041,5.96,1.52,3.04,-0.02,6.04%,30.73%,8.84%,8.46%,401.67,0.90,398.32,3.35,0.90,0.30,0.30,3.21,75.43%
2012-03-31,1132.10万,-7.53%,886.42万,1.56%,4.22亿,-0.38%,0.0688,6.02,1.51,3.10,-0.45,2.60%,31.59%,1.15%,1.14%,399.80,0.23,396.83,2.97,0.89,0.28,0.28,3.17,75.64%
2012-06-30,2759.21万,26.92%,365.50万,-69.10%,7.70亿,0.59%,0.1677,6.00,1.39,3.20,-0.87,3.54%,34.15%,2.78%,2.79%,579.05,0.31,575.08,3.97,1.06,0.24,0.24,3.49,74.85%
2012-09-30,3559.80万,30.02%,1286.07万,82.63%,12.61亿,11.80%,0.2164,6.04,1.39,3.25,-0.62,3.33%,34.21%,3.59%,3.58%,521.02,0.52,517.04,3.97,1.13,0.33,0.33,3.56,75.10%
2012-12-31,1.03亿,24.69%,4958.55万,86.46%,27.69亿,77.94%,0.6285,6.04,0.97,3.65,-1.32,5.73%,28.58%,10.18%,10.41%,218.69,1.66,217.30,1.39,1.12,0.45,0.45,2.85,71.70%
2013-03-31,1053.65万,-6.93%,854.12万,-3.64%,4.89亿,16.05%,0.0640,6.10,0.96,3.72,-1.00,2.89%,33.09%,1.06%,1.05%,347.84,0.26,345.89,1.96,1.11,0.41,0.41,3.08,73.05%
2013-06-30,1144.77万,-58.51%,643.61万,76.09%,8.75亿,13.69%,0.0696,6.05,1.08,3.57,-0.81,1.97%,35.01%,1.15%,1.10%,403.74,0.45,401.25,2.49,1.08,0.50,0.50,3.37,75.09%
2013-09-30,1046.95万,-70.59%,526.15万,-59.09%,12.45亿,-1.22%,0.0628,6.02,1.10,3.52,-0.39,0.60%,35.61%,1.04%,1.01%,438.45,0.62,435.55,2.89,0.96,0.37,0.37,3.47,75.79%
2013-12-31,7499.81万,-27.48%,6025.78万,21.52%,17.91亿,-35.31%,0.4464,6.42,1.13,3.88,-0.17,5.24%,37.55%,7.18%,6.81%,488.25,0.74,483.81,4.45,1.21,0.35,0.35,3.26,74.55%
2014-03-31,5054.16万,379.68%,4986.89万,483.86%,6.68亿,36.54%,0.2948,6.74,1.15,4.17,-0.44,12.64%,44.48%,4.48%,4.37%,459.86,0.20,452.94,6.92,1.27,0.37,0.37,3.00,72.54%
2014-06-30,5857.53万,411.68%,4758.58万,639.36%,9.91亿,13.27%,0.3416,7.09,1.55,4.12,-0.55,8.95%,41.94%,5.17%,4.82%,516.95,0.35,509.34,7.61,1.19,0.49,0.49,2.54,71.00%
2014-09-30,5336.54万,409.72%,4061.00万,671.84%,13.03亿,4.63%,0.1238,7.06,1.37,4.09,-0.29,6.10%,39.07%,4.64%,4.41%,565.18,0.48,557.51,7.67,1.18,0.42,0.42,2.41,69.91%
2014-12-31,7106.27万,-5.25%,4726.79万,-21.56%,16.40亿,-8.43%,0.1651,7.23,1.33,4.19,-0.18,5.45%,37.05%,6.10%,5.78%,584.10,0.62,576.83,7.27,1.04,0.38,0.38,2.61,71.63%
2015-03-31,247.12万,-95.11%,284.65万,-94.29%,4.67亿,-30.06%,0.0058,7.26,1.34,4.21,-0.0100,1.11%,28.94%,0.20%,0.20%,388.87,0.24,381.19,7.68,1.03,0.37,0.37,2.51,70.80%
2015-06-30,429.95万,-92.66%,306.26万,-93.56%,7.49亿,-24.42%,0.0063,7.56,4.81,1.49,-0.04,0.49%,30.89%,0.21%,0.12%,508.57,0.36,498.34,10.23,1.95,0.89,0.89,0.65,39.19%
2015-09-30,1341.24万,-74.87%,1065.73万,-73.76%,10.43亿,-19.95%,0.0159,3.03,1.32,0.61,-0.03,0.75%,30.45%,0.53%,0.38%,536.58,0.51,526.11,10.47,2.11,0.58,0.58,0.57,36.31%
2015-12-31,3082.75万,-56.62%,1369.98万,-71.02%,13.38亿,-18.39%,0.0333,3.20,1.32,0.62,-0.02,1.51%,29.54%,1.09%,0.82%,571.32,0.64,562.06,9.26,2.18,0.56,0.56,0.62,38.23%
2016-03-31,1645.20万,565.74%,28.19万,-90.10%,4.33亿,-7.24%,0.0141,3.17,1.32,0.59,0.0096,4.22%,26.39%,0.44%,0.44%,424.80,0.22,417.25,7.56,2.13,0.48,0.48,0.65,39.08%
2016-06-30,3638.80万,746.33%,1971.01万,543.57%,10.71亿,42.91%,0.0311,3.18,1.32,0.60,0.04,3.78%,24.00%,0.98%,0.98%,305.52,0.60,299.35,6.16,2.18,0.68,0.68,0.64,38.81%
2016-09-30,6158.87万,359.19%,2136.42万,100.47%,13.67亿,31.10%,0.0526,3.21,1.32,0.62,0.07,4.72%,24.52%,1.65%,1.64%,358.64,0.77,351.56,7.08,3.09,1.03,1.03,0.74,42.35%
2016-12-31,7916.58万,156.80%,2127.68万,55.31%,19.17亿,43.19%,0.0676,3.22,1.32,0.63,0.11,4.58%,23.81%,2.12%,2.10%,317.82,1.16,310.45,7.37,2.43,1.06,1.06,0.77,43.19%
2017-03-31,1450.51万,-11.83%,1506.54万,5245.17%,3.37亿,-22.13%,0.0124,3.23,1.32,0.65,-0.0095,3.68%,29.88%,0.38%,0.38%,393.61,0.24,379.11,14.50,3.06,1.57,1.57,0.65,39.11%
2017-06-30,2548.73万,-29.96%,2420.97万,22.83%,6.33亿,-40.88%,0.0168,3.21,1.32,0.64,0.03,3.92%,31.11%,0.67%,0.68%,418.06,0.44,406.23,11.83,2.91,1.44,1.44,0.64,38.84%
2017-09-30,4622.80万,-24.94%,3174.02万,48.57%,9.37亿,-31.44%,0.0304,3.24,1.32,0.66,0.07,4.91%,30.43%,1.22%,1.22%,417.10,0.67,402.62,14.48,3.20,1.53,1.53,0.69,40.67%
2017-12-31,7289.06万,-7.93%,5890.95万,176.87%,13.19亿,-31.20%,0.0479,4.78,3.08,0.49,0.0003,5.75%,33.00%,1.92%,0.94%,496.92,1.05,341.52,155.40,1.09,0.58,0.58,1.17,53.07%
2018-03-31,1.46亿,905.66%,1.44亿,854.72%,25.07亿,642.77%,0.0641,5.26,3.56,0.52,-0.26,6.78%,30.17%,1.63%,1.53%,73.03,2.69,33.40,39.63,1.50,0.82,0.82,0.76,42.35%
2018-06-30,3.29亿,1189.71%,3.43亿,1318.05%,53.30亿,741.86%,0.1420,4.11,2.50,0.47,0.31,6.87%,32.01%,3.54%,3.40%,73.28,5.64,31.90,41.38,1.42,0.77,0.77,0.86,45.56%
2018-09-30,5.02亿,986.29%,5.22亿,1545.94%,84.10亿,797.10%,0.2159,3.97,2.36,0.54,0.49,6.53%,29.72%,5.37%,5.38%,67.37,9.29,29.07,38.30,1.19,0.61,0.61,0.95,48.59%
2018-12-31,6.31亿,765.69%,6.55亿,1011.36%,106.92亿,710.91%,0.2714,3.99,2.36,0.59,0.34,6.51%,30.20%,6.76%,6.71%,67.27,11.76,30.61,36.66,1.15,0.61,0.61,0.94,48.32%
2019-03-31,2.05亿,40.86%,1.69亿,17.41%,25.81亿,2.95%,0.0885,4.08,2.36,0.65,0.16,8.29%,31.31%,2.16%,2.14%,69.58,3.00,29.98,39.59,1.19,0.67,0.67,0.93,47.84%
2019-06-30,3.81亿,15.88%,3.54亿,3.24%,56.79亿,6.55%,0.1641,4.09,2.36,0.66,0.33,6.96%,29.96%,3.97%,3.96%,65.19,6.79,26.51,38.68,1.20,0.69,0.69,0.97,48.80%
2019-09-30,6.41亿,27.68%,6.04亿,15.67%,86.85亿,3.27%,0.2763,4.20,2.36,0.77,0.66,7.73%,30.22%,6.63%,6.48%,63.57,10.42,25.92,37.65,1.29,0.74,0.74,0.91,46.96%
2019-12-31,8.27亿,31.13%,7.35亿,12.28%,112.11亿,4.86%,0.3566,4.32,2.36,0.84,0.50,7.63%,30.52%,8.49%,8.13%,64.63,13.96,25.78,38.84,1.22,0.82,0.82,0.90,46.90%
2020-03-31,-1.63亿,-179.50%,-1.66亿,-198.50%,12.76亿,-50.55%,-0.0704,4.25,2.36,0.77,-0.19,-13.34%,13.08%,-1.62%,-1.63%,134.36,2.17,41.47,92.90,1.21,0.84,0.84,0.88,46.43%
2020-06-30,4041.41万,-89.39%,4212.71万,-88.11%,39.33亿,-30.75%,0.0174,4.27,2.36,0.79,0.45,1.18%,23.75%,0.40%,0.40%,88.46,5.93,30.35,58.11,1.26,0.93,0.93,0.89,46.63%
2020-09-30,2.44亿,-61.93%,2.49亿,-58.86%,67.51亿,-22.27%,0.1052,4.34,2.34,0.88,0.49,3.79%,26.19%,2.38%,2.39%,78.23,9.86,27.39,50.84,1.25,0.94,0.94,0.90,46.96%
2020-12-31,3.12亿,-62.30%,3.20亿,-56.50%,95.75亿,-14.60%,0.1344,4.37,2.34,0.90,0.95,3.39%,26.17%,3.05%,3.03%,75.99,14.04,25.64,50.34,1.20,0.94,0.94,0.95,48.40%
2021-03-31,1.72亿,205.30%,1.69亿,201.40%,29.32亿,129.77%,0.0741,4.44,2.34,0.97,0.10,5.90%,28.82%,1.66%,1.65%,63.18,3.86,23.32,39.85,1.12,0.89,0.89,1.18,53.98%
2021-06-30,3.80亿,840.20%,3.58亿,750.70%,61.30亿,55.86%,0.1637,4.56,2.34,1.10,0.53,6.32%,30.19%,3.62%,3.54%,64.30,7.96,22.60,41.69,1.06,0.83,0.83,1.13,52.56%
2021-09-30,4.77亿,95.40%,4.54亿,82.46%,89.46亿,32.51%,0.2048,4.61,2.27,1.14,0.63,5.15%,29.12%,4.52%,4.39%,63.64,12.18,22.17,41.47,1.06,0.84,0.84,1.07,51.20%
2021-12-31,1.66亿,-46.81%,1.22亿,-61.87%,119.63亿,24.94%,0.0711,4.49,2.28,1.01,0.91,1.09%,18.22%,1.59%,1.57%,58.68,17.65,20.40,38.28,0.83,0.48,0.48,2.11,67.51%
2022-03-31,-2.41亿,-240.27%,-2.40亿,-242.02%,34.79亿,18.65%,-0.1024,4.39,2.28,0.90,1.09,-6.95%,10.66%,-2.31%,-2.33%,47.59,5.01,17.98,29.61,0.83,0.48,0.48,2.24,68.82%
2022-06-30,-3.84亿,-200.97%,-3.80亿,-206.03%,60.82亿,-0.77%,-0.1629,4.34,2.30,0.84,0.98,-6.84%,8.16%,-3.69%,-3.75%,53.35,9.90,18.18,35.17,0.80,0.48,0.48,2.22,68.78%
2022-09-30,-2.19亿,-145.92%,-2.17亿,-147.89%,88.85亿,-0.69%,-0.0930,4.42,2.30,0.91,1.41,-3.10%,10.53%,-2.09%,-2.11%,54.20,14.15,19.07,35.13,0.81,0.45,0.45,2.20,68.59%
2022-12-31,-3.10亿,-286.61%,-3.18亿,-360.77%,116.73亿,-2.42%,-0.1315,4.37,2.31,0.87,1.83,-2.84%,8.66%,-2.93%,-2.97%,51.51,18.88,19.07,32.43,0.77,0.40,0.40,2.16,68.15%
2023-03-31,5176.30万,121.45%,4453.93万,118.59%,31.49亿,-9.48%,0.0220,4.40,2.31,0.89,0.46,1.75%,14.48%,0.50%,0.50%,42.27,5.29,17.02,25.25,0.73,0.40,0.40,2.16,68.17%
2023-06-30,-4881.06万,87.28%,-5791.24万,84.76%,62.64亿,2.99%,-0.0207,4.36,2.32,0.85,0.88,-0.77%,10.87%,-0.47%,-0.48%,40.33,11.45,15.72,24.61,0.83,0.46,0.46,2.22,68.72%
2023-09-30,-6793.06万,68.98%,-7334.21万,66.23%,90.73亿,2.11%,-0.0288,4.35,2.32,0.84,1.21,-0.64%,10.46%,-0.66%,-0.66%,40.47,16.86,16.02,24.45,0.87,0.46,0.46,2.33,69.81%
2023-12-31,-8.48亿,-173.91%,-7.52亿,-136.53%,120.92亿,3.58%,-0.3601,4.02,2.32,0.51,1.98,-7.03%,9.47%,-8.58%,-8.96%,37.96,22.69,15.87,22.09,0.71,0.34,0.34,2.41,70.48%
2024-03-31,2537.87万,-50.97%,-5477.31万,-222.98%,27.53亿,-12.60%,0.0108,4.03,2.32,0.52,0.41,1.06%,8.53%,0.27%,0.27%,34.82,5.51,16.34,18.48,0.70,0.34,0.34,2.36,70.09%
2024-06-30,2935.75万,160.15%,-4382.93万,24.32%,58.15亿,-7.17%,0.0125,4.04,2.32,0.52,0.82,0.49%,8.65%,0.31%,0.31%,31.31,12.04,14.95,16.36,0.73,0.35,0.35,2.40,70.40%
2024-09-30,848.66万,112.49%,-7333.95万,0.0036%,87.62亿,-3.42%,0.0036,4.03,2.32,0.51,1.19,0.11%,7.36%,0.09%,0.09%,30.56,17.39,15.53,15.03,0.72,0.32,0.32,2.41,70.54%
2024-12-31,7341.23万,108.65%,4142.20万,105.51%,125.36亿,3.67%,0.0312,3.98,2.25,0.54,1.90,0.56%,9.77%,0.78%,0.78%,26.34,33.65,10.70,15.65,0.71,0.34,0.34,2.22,68.77%
2025-03-31,627.07万,-75.29%,2260.18万,141.26%,28.23亿,2.54%,0.0027,3.99,2.25,0.54,0.54,0.51%,10.28%,0.07%,0.07%,22.75,11.63,7.74,15.01,0.72,0.37,0.37,2.02,66.76%
2025-06-30,3840.02万,30.80%,4991.71万,213.89%,56.58亿,-2.69%,0.0163,4.00,2.25,0.55,0.73,0.83%,9.87%,0.41%,0.41%,21.49,23.70,7.60,13.90,0.74,0.35,0.35,1.82,64.40%
2025-09-30,4232.70万,398.75%,5424.42万,173.96%,81.65亿,-6.81%,0.0180,4.00,2.25,0.55,0.95,0.64%,9.08%,0.45%,0.45%,21.49,34.81,7.76,13.74,0.76,0.34,0.34,1.80,64.14%
2025-12-31,-9663.10万,-231.63%,-4459.57万,-207.66%,104.80亿,-16.40%,-0.0410,3.94,2.25,0.49,1.40,-0.86%,9.23%,-1.04%,-1.04%,25.84,29.49,12.21,13.63,0.74,0.36,0.36,1.65,62.20%
2026-03-31,545.09万,-13.07%,877.87万,-61.16%,21.61亿,-23.45%,0.0023,3.94,2.25,0.49,0.25,0.38%,11.75%,0.06%,0.06%,31.80,4.44,20.28,11.53,0.76,0.39,0.39,1.53,60.40%
2026-06-30,8079.14万,110.39%,8799.22万,76.28%,47.02亿,-16.90%,0.0343,3.97,2.25,0.53,0.48,1.99%,13.05%,0.87%,0.86%,30.36,9.55,18.85,11.51,0.82,0.43,0.43,1.48,59.57%
